# -1,All other cells (excluding year+winners_rank+winners_show) are JSON strings that must not contain commas NOR quotes NOR newlines.,,,,,,,,,
# -2,The year cells must be JSON numbers.  The winners_rank cells must be a JSON number or JSON null.  The winners_show cells must be JSON booleans.,,,,,,,,,
# -3,Empty cells are filled in with red and need to be filled in and are TBD.,,,,,,,,,
# -4,Any cell containing null is a JSON null value. Any cell containing true or false is a JSON boolean value.,,,,,,,,,
# year,dir,winners_rank,path,created_by,prog,filetype,ext,winners_show,display_via,winners_text
1984,anonymous,null,.winner.json,jwinner,null,json,json,false,null,null
1984,anonymous,10,index.html,readme2index,null,html,html,true,browser,click here first
1984,anonymous,300,1984_anonymous.tar.bz2,mkwinnertbz2,null,tbz2,bz2,true,download,download winning source
1984,decot,null,.winner.json,jwinner,null,json,json,false,null,null
1984,decot,10,index.html,readme2index,null,html,html,true,browser,click here first
1984,decot,300,1984_decot.tar.bz2,mkwinnertbz2,null,tbz2,bz2,true,download,download winning source
1984,laman,null,.winner.json,jwinner,null,json,json,false,null,null
1984,laman,10,index.html,readme2index,null,html,html,true,browser,click here first
1984,laman,300,1984_laman.tar.bz2,mkwinnertbz2,null,tbz2,bz2,true,download,download winning source
1984,mullender,null,.winner.json,jwinner,null,json,json,false,null,null
1984,mullender,10,index.html,readme2index,null,html,html,true,browser,click here first
1984,mullender,300,1984_mullender.tar.bz2,mkwinnertbz2,null,tbz2,bz2,true,download,download winning source
1985,applin,null,.winner.json,jwinner,null,json,json,false,null,null
1985,applin,10,index.html,readme2index,null,html,html,true,browser,click here first
1985,applin,300,1985_applin.tar.bz2,mkwinnertbz2,null,tbz2,bz2,true,download,download winning source
1985,august,null,.winner.json,jwinner,null,json,json,false,null,null
1985,august,10,index.html,readme2index,null,html,html,true,browser,click here first
1985,august,300,1985_august.tar.bz2,mkwinnertbz2,null,tbz2,bz2,true,download,download winning source
1985,lycklama,null,.winner.json,jwinner,null,json,json,false,null,null
1985,lycklama,10,index.html,readme2index,null,html,html,true,browser,click here first
1985,lycklama,300,1985_lycklama.tar.bz2,mkwinnertbz2,null,tbz2,bz2,true,download,download winning source
1985,shapiro,null,.winner.json,jwinner,null,json,json,false,null,null
1985,shapiro,10,index.html,readme2index,null,html,html,true,browser,click here first
1985,shapiro,300,1985_shapiro.tar.bz2,mkwinnertbz2,null,tbz2,bz2,true,download,download winning source
1985,sicherman,null,.winner.json,jwinner,null,json,json,false,null,null
1985,sicherman,10,index.html,readme2index,null,html,html,true,browser,click here first
1985,sicherman,300,1985_sicherman.tar.bz2,mkwinnertbz2,null,tbz2,bz2,true,download,download winning source
1986,applin,null,.winner.json,jwinner,null,json,json,false,null,null
1986,applin,10,index.html,readme2index,null,html,html,true,browser,click here first
1986,applin,300,1986_applin.tar.bz2,mkwinnertbz2,null,tbz2,bz2,true,download,download winning source
1986,august,null,.winner.json,jwinner,null,json,json,false,null,null
1986,august,10,index.html,readme2index,null,html,html,true,browser,click here first
1986,august,300,1986_august.tar.bz2,mkwinnertbz2,null,tbz2,bz2,true,download,download winning source
1986,bright,null,.winner.json,jwinner,null,json,json,false,null,null
1986,bright,10,index.html,readme2index,null,html,html,true,browser,click here first
1986,bright,300,1986_bright.tar.bz2,mkwinnertbz2,null,tbz2,bz2,true,download,download winning source
1986,hague,null,.winner.json,jwinner,null,json,json,false,null,null
1986,hague,10,index.html,readme2index,null,html,html,true,browser,click here first
1986,hague,300,1986_hague.tar.bz2,mkwinnertbz2,null,tbz2,bz2,true,download,download winning source
1986,holloway,null,.winner.json,jwinner,null,json,json,false,null,null
1986,holloway,10,index.html,readme2index,null,html,html,true,browser,click here first
1986,holloway,300,1986_holloway.tar.bz2,mkwinnertbz2,null,tbz2,bz2,true,download,download winning source
1986,marshall,null,.winner.json,jwinner,null,json,json,false,null,null
1986,marshall,10,index.html,readme2index,null,html,html,true,browser,click here first
1986,marshall,300,1986_marshall.tar.bz2,mkwinnertbz2,null,tbz2,bz2,true,download,download winning source
1986,pawka,null,.winner.json,jwinner,null,json,json,false,null,null
1986,pawka,10,index.html,readme2index,null,html,html,true,browser,click here first
1986,pawka,300,1986_pawka.tar.bz2,mkwinnertbz2,null,tbz2,bz2,true,download,download winning source
1986,stein,null,.winner.json,jwinner,null,json,json,false,null,null
1986,stein,10,index.html,readme2index,null,html,html,true,browser,click here first
1986,stein,300,1986_stein.tar.bz2,mkwinnertbz2,null,tbz2,bz2,true,download,download winning source
1986,wall,null,.winner.json,jwinner,null,json,json,false,null,null
1986,wall,10,index.html,readme2index,null,html,html,true,browser,click here first
1986,wall,300,1986_wall.tar.bz2,mkwinnertbz2,null,tbz2,bz2,true,download,download winning source
1987,biggar,null,.winner.json,jwinner,null,json,json,false,null,null
1987,biggar,10,index.html,readme2index,null,html,html,true,browser,click here first
1987,biggar,300,1987_biggar.tar.bz2,mkwinnertbz2,null,tbz2,bz2,true,download,download winning source
1987,heckbert,null,.winner.json,jwinner,null,json,json,false,null,null
1987,heckbert,10,index.html,readme2index,null,html,html,true,browser,click here first
1987,heckbert,300,1987_heckbert.tar.bz2,mkwinnertbz2,null,tbz2,bz2,true,download,download winning source
1987,hines,null,.winner.json,jwinner,null,json,json,false,null,null
1987,hines,10,index.html,readme2index,null,html,html,true,browser,click here first
1987,hines,300,1987_hines.tar.bz2,mkwinnertbz2,null,tbz2,bz2,true,download,download winning source
1987,korn,null,.winner.json,jwinner,null,json,json,false,null,null
1987,korn,10,index.html,readme2index,null,html,html,true,browser,click here first
1987,korn,300,1987_korn.tar.bz2,mkwinnertbz2,null,tbz2,bz2,true,download,download winning source
1987,lievaart,null,.winner.json,jwinner,null,json,json,false,null,null
1987,lievaart,10,index.html,readme2index,null,html,html,true,browser,click here first
1987,lievaart,300,1987_lievaart.tar.bz2,mkwinnertbz2,null,tbz2,bz2,true,download,download winning source
1987,wall,null,.winner.json,jwinner,null,json,json,false,null,null
1987,wall,10,index.html,readme2index,null,html,html,true,browser,click here first
1987,wall,300,1987_wall.tar.bz2,mkwinnertbz2,null,tbz2,bz2,true,download,download winning source
1987,westley,null,.winner.json,jwinner,null,json,json,false,null,null
1987,westley,10,index.html,readme2index,null,html,html,true,browser,click here first
1987,westley,300,1987_westley.tar.bz2,mkwinnertbz2,null,tbz2,bz2,true,download,download winning source
1988,applin,null,.winner.json,jwinner,null,json,json,false,null,null
1988,applin,10,index.html,readme2index,null,html,html,true,browser,click here first
1988,applin,300,1988_applin.tar.bz2,mkwinnertbz2,null,tbz2,bz2,true,download,download winning source
1988,dale,null,.winner.json,jwinner,null,json,json,false,null,null
1988,dale,10,index.html,readme2index,null,html,html,true,browser,click here first
1988,dale,300,1988_dale.tar.bz2,mkwinnertbz2,null,tbz2,bz2,true,download,download winning source
1988,isaak,null,.winner.json,jwinner,null,json,json,false,null,null
1988,isaak,10,index.html,readme2index,null,html,html,true,browser,click here first
1988,isaak,300,1988_isaak.tar.bz2,mkwinnertbz2,null,tbz2,bz2,true,download,download winning source
1988,litmaath,null,.winner.json,jwinner,null,json,json,false,null,null
1988,litmaath,10,index.html,readme2index,null,html,html,true,browser,click here first
1988,litmaath,300,1988_litmaath.tar.bz2,mkwinnertbz2,null,tbz2,bz2,true,download,download winning source
1988,phillipps,null,.winner.json,jwinner,null,json,json,false,null,null
1988,phillipps,10,index.html,readme2index,null,html,html,true,browser,click here first
1988,phillipps,300,1988_phillipps.tar.bz2,mkwinnertbz2,null,tbz2,bz2,true,download,download winning source
1988,reddy,null,.winner.json,jwinner,null,json,json,false,null,null
1988,reddy,10,index.html,readme2index,null,html,html,true,browser,click here first
1988,reddy,300,1988_reddy.tar.bz2,mkwinnertbz2,null,tbz2,bz2,true,download,download winning source
1988,robison,null,.winner.json,jwinner,null,json,json,false,null,null
1988,robison,10,index.html,readme2index,null,html,html,true,browser,click here first
1988,robison,300,1988_robison.tar.bz2,mkwinnertbz2,null,tbz2,bz2,true,download,download winning source
1988,spinellis,null,.winner.json,jwinner,null,json,json,false,null,null
1988,spinellis,10,index.html,readme2index,null,html,html,true,browser,click here first
1988,spinellis,300,1988_spinellis.tar.bz2,mkwinnertbz2,null,tbz2,bz2,true,download,download winning source
1988,westley,null,.winner.json,jwinner,null,json,json,false,null,null
1988,westley,10,index.html,readme2index,null,html,html,true,browser,click here first
1988,westley,300,1988_westley.tar.bz2,mkwinnertbz2,null,tbz2,bz2,true,download,download winning source
1989,fubar,null,.winner.json,jwinner,null,json,json,false,null,null
1989,fubar,10,index.html,readme2index,null,html,html,true,browser,click here first
1989,fubar,300,1989_fubar.tar.bz2,mkwinnertbz2,null,tbz2,bz2,true,download,download winning source
1989,jar.1,null,.winner.json,jwinner,null,json,json,false,null,null
1989,jar.1,10,index.html,readme2index,null,html,html,true,browser,click here first
1989,jar.1,300,1989_jar.1.tar.bz2,mkwinnertbz2,null,tbz2,bz2,true,download,download winning source
1989,jar.2,null,.winner.json,jwinner,null,json,json,false,null,null
1989,jar.2,10,index.html,readme2index,null,html,html,true,browser,click here first
1989,jar.2,300,1989_jar.2.tar.bz2,mkwinnertbz2,null,tbz2,bz2,true,download,download winning source
1989,ovdluhe,null,.winner.json,jwinner,null,json,json,false,null,null
1989,ovdluhe,10,index.html,readme2index,null,html,html,true,browser,click here first
1989,ovdluhe,300,1989_ovdluhe.tar.bz2,mkwinnertbz2,null,tbz2,bz2,true,download,download winning source
1989,paul,null,.winner.json,jwinner,null,json,json,false,null,null
1989,paul,10,index.html,readme2index,null,html,html,true,browser,click here first
1989,paul,300,1989_paul.tar.bz2,mkwinnertbz2,null,tbz2,bz2,true,download,download winning source
1989,robison,null,.winner.json,jwinner,null,json,json,false,null,null
1989,robison,10,index.html,readme2index,null,html,html,true,browser,click here first
1989,robison,300,1989_robison.tar.bz2,mkwinnertbz2,null,tbz2,bz2,true,download,download winning source
1989,roemer,null,.winner.json,jwinner,null,json,json,false,null,null
1989,roemer,10,index.html,readme2index,null,html,html,true,browser,click here first
1989,roemer,300,1989_roemer.tar.bz2,mkwinnertbz2,null,tbz2,bz2,true,download,download winning source
1989,tromp,null,.winner.json,jwinner,null,json,json,false,null,null
1989,tromp,10,index.html,readme2index,null,html,html,true,browser,click here first
1989,tromp,300,1989_tromp.tar.bz2,mkwinnertbz2,null,tbz2,bz2,true,download,download winning source
1989,vanb,null,.winner.json,jwinner,null,json,json,false,null,null
1989,vanb,10,index.html,readme2index,null,html,html,true,browser,click here first
1989,vanb,300,1989_vanb.tar.bz2,mkwinnertbz2,null,tbz2,bz2,true,download,download winning source
1989,westley,null,.winner.json,jwinner,null,json,json,false,null,null
1989,westley,10,index.html,readme2index,null,html,html,true,browser,click here first
1989,westley,300,1989_westley.tar.bz2,mkwinnertbz2,null,tbz2,bz2,true,download,download winning source
1990,baruch,null,.winner.json,jwinner,null,json,json,false,null,null
1990,baruch,10,index.html,readme2index,null,html,html,true,browser,click here first
1990,baruch,300,1990_baruch.tar.bz2,mkwinnertbz2,null,tbz2,bz2,true,download,download winning source
1990,cmills,null,.winner.json,jwinner,null,json,json,false,null,null
1990,cmills,10,index.html,readme2index,null,html,html,true,browser,click here first
1990,cmills,300,1990_cmills.tar.bz2,mkwinnertbz2,null,tbz2,bz2,true,download,download winning source
1990,dds,null,.winner.json,jwinner,null,json,json,false,null,null
1990,dds,10,index.html,readme2index,null,html,html,true,browser,click here first
1990,dds,300,1990_dds.tar.bz2,mkwinnertbz2,null,tbz2,bz2,true,download,download winning source
1990,dg,null,.winner.json,jwinner,null,json,json,false,null,null
1990,dg,10,index.html,readme2index,null,html,html,true,browser,click here first
1990,dg,300,1990_dg.tar.bz2,mkwinnertbz2,null,tbz2,bz2,true,download,download winning source
1990,jaw,null,.winner.json,jwinner,null,json,json,false,null,null
1990,jaw,10,index.html,readme2index,null,html,html,true,browser,click here first
1990,jaw,300,1990_jaw.tar.bz2,mkwinnertbz2,null,tbz2,bz2,true,download,download winning source
1990,pjr,null,.winner.json,jwinner,null,json,json,false,null,null
1990,pjr,10,index.html,readme2index,null,html,html,true,browser,click here first
1990,pjr,300,1990_pjr.tar.bz2,mkwinnertbz2,null,tbz2,bz2,true,download,download winning source
1990,scjones,null,.winner.json,jwinner,null,json,json,false,null,null
1990,scjones,10,index.html,readme2index,null,html,html,true,browser,click here first
1990,scjones,300,1990_scjones.tar.bz2,mkwinnertbz2,null,tbz2,bz2,true,download,download winning source
1990,stig,null,.winner.json,jwinner,null,json,json,false,null,null
1990,stig,10,index.html,readme2index,null,html,html,true,browser,click here first
1990,stig,300,1990_stig.tar.bz2,mkwinnertbz2,null,tbz2,bz2,true,download,download winning source
1990,tbr,null,.winner.json,jwinner,null,json,json,false,null,null
1990,tbr,10,index.html,readme2index,null,html,html,true,browser,click here first
1990,tbr,300,1990_tbr.tar.bz2,mkwinnertbz2,null,tbz2,bz2,true,download,download winning source
1990,theorem,null,.winner.json,jwinner,null,json,json,false,null,null
1990,theorem,10,index.html,readme2index,null,html,html,true,browser,click here first
1990,theorem,300,1990_theorem.tar.bz2,mkwinnertbz2,null,tbz2,bz2,true,download,download winning source
1990,westley,null,.winner.json,jwinner,null,json,json,false,null,null
1990,westley,10,index.html,readme2index,null,html,html,true,browser,click here first
1990,westley,300,1990_westley.tar.bz2,mkwinnertbz2,null,tbz2,bz2,true,download,download winning source
1991,ant,null,.winner.json,jwinner,null,json,json,false,null,null
1991,ant,10,index.html,readme2index,null,html,html,true,browser,click here first
1991,ant,300,1991_ant.tar.bz2,mkwinnertbz2,null,tbz2,bz2,true,download,download winning source
1991,brnstnd,null,.winner.json,jwinner,null,json,json,false,null,null
1991,brnstnd,10,index.html,readme2index,null,html,html,true,browser,click here first
1991,brnstnd,100,sorta.README.html,md2html,null,html,html,true,browser,SORTA language infomation
1991,brnstnd,300,1991_brnstnd.tar.bz2,mkwinnertbz2,null,tbz2,bz2,true,download,download winning source
1991,buzzard,null,.winner.json,jwinner,null,json,json,false,null,null
1991,buzzard,10,index.html,readme2index,null,html,html,true,browser,click here first
1991,buzzard,300,1991_buzzard.tar.bz2,mkwinnertbz2,null,tbz2,bz2,true,download,download winning source
1991,cdupont,null,.winner.json,jwinner,null,json,json,false,null,null
1991,cdupont,10,index.html,readme2index,null,html,html,true,browser,click here first
1991,cdupont,300,1991_cdupont.tar.bz2,mkwinnertbz2,null,tbz2,bz2,true,download,download winning source
1991,davidguy,null,.winner.json,jwinner,null,json,json,false,null,null
1991,davidguy,10,index.html,readme2index,null,html,html,true,browser,click here first
1991,davidguy,300,1991_davidguy.tar.bz2,mkwinnertbz2,null,tbz2,bz2,true,download,download winning source
1991,dds,null,.winner.json,jwinner,null,json,json,false,null,null
1991,dds,10,index.html,readme2index,null,html,html,true,browser,click here first
1991,dds,300,1991_dds.tar.bz2,mkwinnertbz2,null,tbz2,bz2,true,download,download winning source
1991,fine,null,.winner.json,jwinner,null,json,json,false,null,null
1991,fine,10,index.html,readme2index,null,html,html,true,browser,click here first
1991,fine,300,1991_fine.tar.bz2,mkwinnertbz2,null,tbz2,bz2,true,download,download winning source
1991,rince,null,.winner.json,jwinner,null,json,json,false,null,null
1991,rince,10,index.html,readme2index,null,html,html,true,browser,click here first
1991,rince,300,1991_rince.tar.bz2,mkwinnertbz2,null,tbz2,bz2,true,download,download winning source
1991,westley,null,.winner.json,jwinner,null,json,json,false,null,null
1991,westley,10,index.html,readme2index,null,html,html,true,browser,click here first
1991,westley,300,1991_westley.tar.bz2,mkwinnertbz2,null,tbz2,bz2,true,download,download winning source
1992,adrian,null,.winner.json,jwinner,null,json,json,false,null,null
1992,adrian,10,index.html,readme2index,null,html,html,true,browser,click here first
1992,adrian,300,1992_adrian.tar.bz2,mkwinnertbz2,null,tbz2,bz2,true,download,download winning source
1992,albert,null,.winner.json,jwinner,null,json,json,false,null,null
1992,albert,10,index.html,readme2index,null,html,html,true,browser,click here first
1992,albert,300,1992_albert.tar.bz2,mkwinnertbz2,null,tbz2,bz2,true,download,download winning source
1992,ant,null,.winner.json,jwinner,null,json,json,false,null,null
1992,ant,10,index.html,readme2index,null,html,html,true,browser,click here first
1992,ant,300,1992_ant.tar.bz2,mkwinnertbz2,null,tbz2,bz2,true,download,download winning source
1992,buzzard.1,null,.winner.json,jwinner,null,json,json,false,null,null
1992,buzzard.1,10,index.html,readme2index,null,html,html,true,browser,click here first
1992,buzzard.1,300,1992_buzzard.1.tar.bz2,mkwinnertbz2,null,tbz2,bz2,true,download,download winning source
1992,buzzard.2,null,.winner.json,jwinner,null,json,json,false,null,null
1992,buzzard.2,10,index.html,readme2index,null,html,html,true,browser,click here first
1992,buzzard.2,100,buzzard.2.README.html,md2html,null,html,html,true,browser,author description of files
1992,buzzard.2,300,1992_buzzard.2.tar.bz2,mkwinnertbz2,null,tbz2,bz2,true,download,download winning source
1992,gson,null,.winner.json,jwinner,null,json,json,false,null,null
1992,gson,10,index.html,readme2index,null,html,html,true,browser,click here first
1992,gson,300,1992_gson.tar.bz2,mkwinnertbz2,null,tbz2,bz2,true,download,download winning source
1992,imc,null,.winner.json,jwinner,null,json,json,false,null,null
1992,imc,10,index.html,readme2index,null,html,html,true,browser,click here first
1992,imc,300,1992_imc.tar.bz2,mkwinnertbz2,null,tbz2,bz2,true,download,download winning source
1992,kivinen,null,.winner.json,jwinner,null,json,json,false,null,null
1992,kivinen,10,index.html,readme2index,null,html,html,true,browser,click here first
1992,kivinen,300,1992_kivinen.tar.bz2,mkwinnertbz2,null,tbz2,bz2,true,download,download winning source
1992,lush,null,.winner.json,jwinner,null,json,json,false,null,null
1992,lush,10,index.html,readme2index,null,html,html,true,browser,click here first
1992,lush,300,1992_lush.tar.bz2,mkwinnertbz2,null,tbz2,bz2,true,download,download winning source
1992,marangon,null,.winner.json,jwinner,null,json,json,false,null,null
1992,marangon,10,index.html,readme2index,null,html,html,true,browser,click here first
1992,marangon,300,1992_marangon.tar.bz2,mkwinnertbz2,null,tbz2,bz2,true,download,download winning source
1992,nathan,null,.winner.json,jwinner,null,json,json,false,null,null
1992,nathan,10,index.html,readme2index,null,html,html,true,browser,click here first
1992,nathan,300,1992_nathan.tar.bz2,mkwinnertbz2,null,tbz2,bz2,true,download,download winning source
1992,vern,null,.winner.json,jwinner,null,json,json,false,null,null
1992,vern,10,index.html,readme2index,null,html,html,true,browser,click here first
1992,vern,300,1992_vern.tar.bz2,mkwinnertbz2,null,tbz2,bz2,true,download,download winning source
1992,westley,null,.winner.json,jwinner,null,json,json,false,null,null
1992,westley,10,index.html,readme2index,null,html,html,true,browser,click here first
1992,westley,300,1992_westley.tar.bz2,mkwinnertbz2,null,tbz2,bz2,true,download,download winning source
1993,ant,null,.winner.json,jwinner,null,json,json,false,null,null
1993,ant,10,index.html,readme2index,null,html,html,true,browser,click here first
1993,ant,300,1993_ant.tar.bz2,mkwinnertbz2,null,tbz2,bz2,true,download,download winning source
1993,cmills,null,.winner.json,jwinner,null,json,json,false,null,null
1993,cmills,10,index.html,readme2index,null,html,html,true,browser,click here first
1993,cmills,300,1993_cmills.tar.bz2,mkwinnertbz2,null,tbz2,bz2,true,download,download winning source
1993,dgibson,null,.winner.json,jwinner,null,json,json,false,null,null
1993,dgibson,10,index.html,readme2index,null,html,html,true,browser,click here first
1993,dgibson,300,1993_dgibson.tar.bz2,mkwinnertbz2,null,tbz2,bz2,true,download,download winning source
1993,ejb,null,.winner.json,jwinner,null,json,json,false,null,null
1993,ejb,10,index.html,readme2index,null,html,html,true,browser,click here first
1993,ejb,100,hanoi.html,md2html,null,html,html,true,browser,about the Towers of Hanoi puzzle
1993,ejb,100,patience.html,md2html,null,html,html,true,browser,about the Patience puzzle
1993,ejb,300,1993_ejb.tar.bz2,mkwinnertbz2,null,tbz2,bz2,true,download,download winning source
1993,jonth,null,.winner.json,jwinner,null,json,json,false,null,null
1993,jonth,10,index.html,readme2index,null,html,html,true,browser,click here first
1993,jonth,300,1993_jonth.tar.bz2,mkwinnertbz2,null,tbz2,bz2,true,download,download winning source
1993,leo,null,.winner.json,jwinner,null,json,json,false,null,null
1993,leo,10,index.html,readme2index,null,html,html,true,browser,click here first
1993,leo,300,1993_leo.tar.bz2,mkwinnertbz2,null,tbz2,bz2,true,download,download winning source
1993,lmfjyh,null,.winner.json,jwinner,null,json,json,false,null,null
1993,lmfjyh,10,index.html,readme2index,null,html,html,true,browser,click here first
1993,lmfjyh,300,1993_lmfjyh.tar.bz2,mkwinnertbz2,null,tbz2,bz2,true,download,download winning source
1993,plummer,null,.winner.json,jwinner,null,json,json,false,null,null
1993,plummer,10,index.html,readme2index,null,html,html,true,browser,click here first
1993,plummer,300,1993_plummer.tar.bz2,mkwinnertbz2,null,tbz2,bz2,true,download,download winning source
1993,rince,null,.winner.json,jwinner,null,json,json,false,null,null
1993,rince,10,index.html,readme2index,null,html,html,true,browser,click here first
1993,rince,100,design.html,md2html,null,html,html,true,browser,implementation notes
1993,rince,300,1993_rince.tar.bz2,mkwinnertbz2,null,tbz2,bz2,true,download,download winning source
1993,schnitzi,null,.winner.json,jwinner,null,json,json,false,null,null
1993,schnitzi,10,index.html,readme2index,null,html,html,true,browser,click here first
1993,schnitzi,300,1993_schnitzi.tar.bz2,mkwinnertbz2,null,tbz2,bz2,true,download,download winning source
1993,vanb,null,.winner.json,jwinner,null,json,json,false,null,null
1993,vanb,10,index.html,readme2index,null,html,html,true,browser,click here first
1993,vanb,300,1993_vanb.tar.bz2,mkwinnertbz2,null,tbz2,bz2,true,download,download winning source
1994,dodsond1,null,.winner.json,jwinner,null,json,json,false,null,null
1994,dodsond1,10,index.html,readme2index,null,html,html,true,browser,click here first
1994,dodsond1,300,1994_dodsond1.tar.bz2,mkwinnertbz2,null,tbz2,bz2,true,download,download winning source
1994,dodsond2,null,.winner.json,jwinner,null,json,json,false,null,null
1994,dodsond2,10,index.html,readme2index,null,html,html,true,browser,click here first
1994,dodsond2,300,1994_dodsond2.tar.bz2,mkwinnertbz2,null,tbz2,bz2,true,download,download winning source
1994,horton,null,.winner.json,jwinner,null,json,json,false,null,null
1994,horton,10,index.html,readme2index,null,html,html,true,browser,click here first
1994,horton,300,1994_horton.tar.bz2,mkwinnertbz2,null,tbz2,bz2,true,download,download winning source
1994,imc,null,.winner.json,jwinner,null,json,json,false,null,null
1994,imc,10,index.html,readme2index,null,html,html,true,browser,click here first
1994,imc,300,1994_imc.tar.bz2,mkwinnertbz2,null,tbz2,bz2,true,download,download winning source
1994,ldb,null,.winner.json,jwinner,null,json,json,false,null,null
1994,ldb,10,index.html,readme2index,null,html,html,true,browser,click here first
1994,ldb,300,1994_ldb.tar.bz2,mkwinnertbz2,null,tbz2,bz2,true,download,download winning source
1994,schnitzi,null,.winner.json,jwinner,null,json,json,false,null,null
1994,schnitzi,10,index.html,readme2index,null,html,html,true,browser,click here first
1994,schnitzi,300,1994_schnitzi.tar.bz2,mkwinnertbz2,null,tbz2,bz2,true,download,download winning source
1994,shapiro,null,.winner.json,jwinner,null,json,json,false,null,null
1994,shapiro,10,index.html,readme2index,null,html,html,true,browser,click here first
1994,shapiro,100,shapiro.html,md2html,null,html,html,true,browser,author hints
1994,shapiro,300,1994_shapiro.tar.bz2,mkwinnertbz2,null,tbz2,bz2,true,download,download winning source
1994,smr,null,.winner.json,jwinner,null,json,json,false,null,null
1994,smr,10,index.html,readme2index,null,html,html,true,browser,click here first
1994,smr,300,1994_smr.tar.bz2,mkwinnertbz2,null,tbz2,bz2,true,download,download winning source
1994,tvr,null,.winner.json,jwinner,null,json,json,false,null,null
1994,tvr,10,index.html,readme2index,null,html,html,true,browser,click here first
1994,tvr,300,1994_tvr.tar.bz2,mkwinnertbz2,null,tbz2,bz2,true,download,download winning source
1994,weisberg,null,.winner.json,jwinner,null,json,json,false,null,null
1994,weisberg,10,index.html,readme2index,null,html,html,true,browser,click here first
1994,weisberg,300,1994_weisberg.tar.bz2,mkwinnertbz2,null,tbz2,bz2,true,download,download winning source
1994,westley,null,.winner.json,jwinner,null,json,json,false,null,null
1994,westley,10,index.html,readme2index,null,html,html,true,browser,click here first
1994,westley,300,1994_westley.tar.bz2,mkwinnertbz2,null,tbz2,bz2,true,download,download winning source
1995,cdua,null,.winner.json,jwinner,null,json,json,false,null,null
1995,cdua,10,index.html,readme2index,null,html,html,true,browser,click here first
1995,cdua,300,1995_cdua.tar.bz2,mkwinnertbz2,null,tbz2,bz2,true,download,download winning source
1995,dodsond1,null,.winner.json,jwinner,null,json,json,false,null,null
1995,dodsond1,10,index.html,readme2index,null,html,html,true,browser,click here first
1995,dodsond1,300,1995_dodsond1.tar.bz2,mkwinnertbz2,null,tbz2,bz2,true,download,download winning source
1995,dodsond2,null,.winner.json,jwinner,null,json,json,false,null,null
1995,dodsond2,10,index.html,readme2index,null,html,html,true,browser,click here first
1995,dodsond2,300,1995_dodsond2.tar.bz2,mkwinnertbz2,null,tbz2,bz2,true,download,download winning source
1995,esde,null,.winner.json,jwinner,null,json,json,false,null,null
1995,esde,10,index.html,readme2index,null,html,html,true,browser,click here first
1995,esde,300,1995_esde.tar.bz2,mkwinnertbz2,null,tbz2,bz2,true,download,download winning source
1995,garry,null,.winner.json,jwinner,null,json,json,false,null,null
1995,garry,10,index.html,readme2index,null,html,html,true,browser,click here first
1995,garry,300,1995_garry.tar.bz2,mkwinnertbz2,null,tbz2,bz2,true,download,download winning source
1995,heathbar,null,.winner.json,jwinner,null,json,json,false,null,null
1995,heathbar,10,index.html,readme2index,null,html,html,true,browser,click here first
1995,heathbar,300,1995_heathbar.tar.bz2,mkwinnertbz2,null,tbz2,bz2,true,download,download winning source
1995,leo,null,.winner.json,jwinner,null,json,json,false,null,null
1995,leo,10,index.html,readme2index,null,html,html,true,browser,click here first
1995,leo,300,1995_leo.tar.bz2,mkwinnertbz2,null,tbz2,bz2,true,download,download winning source
1995,makarios,null,.winner.json,jwinner,null,json,json,false,null,null
1995,makarios,10,index.html,readme2index,null,html,html,true,browser,click here first
1995,makarios,300,1995_makarios.tar.bz2,mkwinnertbz2,null,tbz2,bz2,true,download,download winning source
1995,savastio,null,.winner.json,jwinner,null,json,json,false,null,null
1995,savastio,10,index.html,readme2index,null,html,html,true,browser,click here first
1995,savastio,300,1995_savastio.tar.bz2,mkwinnertbz2,null,tbz2,bz2,true,download,download winning source
1995,schnitzi,null,.winner.json,jwinner,null,json,json,false,null,null
1995,schnitzi,10,index.html,readme2index,null,html,html,true,browser,click here first
1995,schnitzi,300,1995_schnitzi.tar.bz2,mkwinnertbz2,null,tbz2,bz2,true,download,download winning source
1995,spinellis,null,.winner.json,jwinner,null,json,json,false,null,null
1995,spinellis,10,index.html,readme2index,null,html,html,true,browser,click here first
1995,spinellis,300,1995_spinellis.tar.bz2,mkwinnertbz2,null,tbz2,bz2,true,download,download winning source
1995,vanschnitz,null,.winner.json,jwinner,null,json,json,false,null,null
1995,vanschnitz,10,index.html,readme2index,null,html,html,true,browser,click here first
1995,vanschnitz,300,1995_vanschnitz.tar.bz2,mkwinnertbz2,null,tbz2,bz2,true,download,download winning source
1996,august,null,.winner.json,jwinner,null,json,json,false,null,null
1996,august,10,index.html,readme2index,null,html,html,true,browser,click here first
1996,august,300,1996_august.tar.bz2,mkwinnertbz2,null,tbz2,bz2,true,download,download winning source
1996,dalbec,null,.winner.json,jwinner,null,json,json,false,null,null
1996,dalbec,10,index.html,readme2index,null,html,html,true,browser,click here first
1996,dalbec,300,1996_dalbec.tar.bz2,mkwinnertbz2,null,tbz2,bz2,true,download,download winning source
1996,eldby,null,.winner.json,jwinner,null,json,json,false,null,null
1996,eldby,10,index.html,readme2index,null,html,html,true,browser,click here first
1996,eldby,300,1996_eldby.tar.bz2,mkwinnertbz2,null,tbz2,bz2,true,download,download winning source
1996,gandalf,null,.winner.json,jwinner,null,json,json,false,null,null
1996,gandalf,10,index.html,readme2index,null,html,html,true,browser,click here first
1996,gandalf,300,1996_gandalf.tar.bz2,mkwinnertbz2,null,tbz2,bz2,true,download,download winning source
1996,huffman,null,.winner.json,jwinner,null,json,json,false,null,null
1996,huffman,10,index.html,readme2index,null,html,html,true,browser,click here first
1996,huffman,300,1996_huffman.tar.bz2,mkwinnertbz2,null,tbz2,bz2,true,download,download winning source
1996,jonth,null,.winner.json,jwinner,null,json,json,false,null,null
1996,jonth,10,index.html,readme2index,null,html,html,true,browser,click here first
1996,jonth,300,1996_jonth.tar.bz2,mkwinnertbz2,null,tbz2,bz2,true,download,download winning source
1996,rcm,null,.winner.json,jwinner,null,json,json,false,null,null
1996,rcm,10,index.html,readme2index,null,html,html,true,browser,click here first
1996,rcm,300,1996_rcm.tar.bz2,mkwinnertbz2,null,tbz2,bz2,true,download,download winning source
1996,schweikh1,null,.winner.json,jwinner,null,json,json,false,null,null
1996,schweikh1,10,index.html,readme2index,null,html,html,true,browser,click here first
1996,schweikh1,300,1996_schweikh1.tar.bz2,mkwinnertbz2,null,tbz2,bz2,true,download,download winning source
1996,schweikh2,null,.winner.json,jwinner,null,json,json,false,null,null
1996,schweikh2,10,index.html,readme2index,null,html,html,true,browser,click here first
1996,schweikh2,300,1996_schweikh2.tar.bz2,mkwinnertbz2,null,tbz2,bz2,true,download,download winning source
1996,schweikh3,null,.winner.json,jwinner,null,json,json,false,null,null
1996,schweikh3,10,index.html,readme2index,null,html,html,true,browser,click here first
1996,schweikh3,300,1996_schweikh3.tar.bz2,mkwinnertbz2,null,tbz2,bz2,true,download,download winning source
1996,westley,null,.winner.json,jwinner,null,json,json,false,null,null
1996,westley,10,index.html,readme2index,null,html,html,true,browser,click here first
1996,westley,300,1996_westley.tar.bz2,mkwinnertbz2,null,tbz2,bz2,true,download,download winning source
1998,banks,null,.winner.json,jwinner,null,json,json,false,null,null
1998,banks,10,index.html,readme2index,null,html,html,true,browser,click here first
1998,banks,300,1998_banks.tar.bz2,mkwinnertbz2,null,tbz2,bz2,true,download,download winning source
1998,bas1,null,.winner.json,jwinner,null,json,json,false,null,null
1998,bas1,10,index.html,readme2index,null,html,html,true,browser,click here first
1998,bas1,300,1998_bas1.tar.bz2,mkwinnertbz2,null,tbz2,bz2,true,download,download winning source
1998,bas2,null,.winner.json,jwinner,null,json,json,false,null,null
1998,bas2,10,index.html,readme2index,null,html,html,true,browser,click here first
1998,bas2,300,1998_bas2.tar.bz2,mkwinnertbz2,null,tbz2,bz2,true,download,download winning source
1998,chaos,null,.winner.json,jwinner,null,json,json,false,null,null
1998,chaos,10,index.html,readme2index,null,html,html,true,browser,click here first
1998,chaos,300,1998_chaos.tar.bz2,mkwinnertbz2,null,tbz2,bz2,true,download,download winning source
1998,df,null,.winner.json,jwinner,null,json,json,false,null,null
1998,df,10,index.html,readme2index,null,html,html,true,browser,click here first
1998,df,300,1998_df.tar.bz2,mkwinnertbz2,null,tbz2,bz2,true,download,download winning source
1998,dlowe,null,.winner.json,jwinner,null,json,json,false,null,null
1998,dlowe,10,index.html,readme2index,null,html,html,true,browser,click here first
1998,dlowe,300,1998_dlowe.tar.bz2,mkwinnertbz2,null,tbz2,bz2,true,download,download winning source
1998,dloweneil,null,.winner.json,jwinner,null,json,json,false,null,null
1998,dloweneil,10,index.html,readme2index,null,html,html,true,browser,click here first
1998,dloweneil,300,1998_dloweneil.tar.bz2,mkwinnertbz2,null,tbz2,bz2,true,download,download winning source
1998,dorssel,null,.winner.json,jwinner,null,json,json,false,null,null
1998,dorssel,10,index.html,readme2index,null,html,html,true,browser,click here first
1998,dorssel,100,dorssel.html,md2html,null,html,html,true,browser,author description of entry
1998,dorssel,300,1998_dorssel.tar.bz2,mkwinnertbz2,null,tbz2,bz2,true,download,download winning source
1998,fanf,null,.winner.json,jwinner,null,json,json,false,null,null
1998,fanf,10,index.html,readme2index,null,html,html,true,browser,click here first
1998,fanf,300,1998_fanf.tar.bz2,mkwinnertbz2,null,tbz2,bz2,true,download,download winning source
1998,schnitzi,null,.winner.json,jwinner,null,json,json,false,null,null
1998,schnitzi,10,index.html,readme2index,null,html,html,true,browser,click here first
1998,schnitzi,300,1998_schnitzi.tar.bz2,mkwinnertbz2,null,tbz2,bz2,true,download,download winning source
1998,schweikh1,null,.winner.json,jwinner,null,json,json,false,null,null
1998,schweikh1,10,index.html,readme2index,null,html,html,true,browser,click here first
1998,schweikh1,300,1998_schweikh1.tar.bz2,mkwinnertbz2,null,tbz2,bz2,true,download,download winning source
1998,schweikh2,null,.winner.json,jwinner,null,json,json,false,null,null
1998,schweikh2,10,index.html,readme2index,null,html,html,true,browser,click here first
1998,schweikh2,300,1998_schweikh2.tar.bz2,mkwinnertbz2,null,tbz2,bz2,true,download,download winning source
1998,schweikh3,null,.winner.json,jwinner,null,json,json,false,null,null
1998,schweikh3,10,index.html,readme2index,null,html,html,true,browser,click here first
1998,schweikh3,300,1998_schweikh3.tar.bz2,mkwinnertbz2,null,tbz2,bz2,true,download,download winning source
1998,tomtorfs,null,.winner.json,jwinner,null,json,json,false,null,null
1998,tomtorfs,10,index.html,readme2index,null,html,html,true,browser,click here first
1998,tomtorfs,300,1998_tomtorfs.tar.bz2,mkwinnertbz2,null,tbz2,bz2,true,download,download winning source
2000,anderson,null,.winner.json,jwinner,null,json,json,false,null,null
2000,anderson,10,index.html,readme2index,null,html,html,true,browser,click here first
2000,anderson,300,2000_anderson.tar.bz2,mkwinnertbz2,null,tbz2,bz2,true,download,download winning source
2000,bellard,null,.winner.json,jwinner,null,json,json,false,null,null
2000,bellard,10,index.html,readme2index,null,html,html,true,browser,click here first
2000,bellard,300,2000_bellard.tar.bz2,mkwinnertbz2,null,tbz2,bz2,true,download,download winning source
2000,bmeyer,null,.winner.json,jwinner,null,json,json,false,null,null
2000,bmeyer,10,index.html,readme2index,null,html,html,true,browser,click here first
2000,bmeyer,300,2000_bmeyer.tar.bz2,mkwinnertbz2,null,tbz2,bz2,true,download,download winning source
2000,briddlebane,null,.winner.json,jwinner,null,json,json,false,null,null
2000,briddlebane,10,index.html,readme2index,null,html,html,true,browser,click here first
2000,briddlebane,300,2000_briddlebane.tar.bz2,mkwinnertbz2,null,tbz2,bz2,true,download,download winning source
2000,dhyang,null,.winner.json,jwinner,null,json,json,false,null,null
2000,dhyang,10,index.html,readme2index,null,html,html,true,browser,click here first
2000,dhyang,300,2000_dhyang.tar.bz2,mkwinnertbz2,null,tbz2,bz2,true,download,download winning source
2000,dlowe,null,.winner.json,jwinner,null,json,json,false,null,null
2000,dlowe,10,index.html,readme2index,null,html,html,true,browser,click here first
2000,dlowe,300,2000_dlowe.tar.bz2,mkwinnertbz2,null,tbz2,bz2,true,download,download winning source
2000,jarijyrki,null,.winner.json,jwinner,null,json,json,false,null,null
2000,jarijyrki,10,index.html,readme2index,null,html,html,true,browser,click here first
2000,jarijyrki,300,2000_jarijyrki.tar.bz2,mkwinnertbz2,null,tbz2,bz2,true,download,download winning source
2000,natori,null,.winner.json,jwinner,null,json,json,false,null,null
2000,natori,10,index.html,readme2index,null,html,html,true,browser,click here first
2000,natori,300,2000_natori.tar.bz2,mkwinnertbz2,null,tbz2,bz2,true,download,download winning source
2000,primenum,null,.winner.json,jwinner,null,json,json,false,null,null
2000,primenum,10,index.html,readme2index,null,html,html,true,browser,click here first
2000,primenum,300,2000_primenum.tar.bz2,mkwinnertbz2,null,tbz2,bz2,true,download,download winning source
2000,rince,null,.winner.json,jwinner,null,json,json,false,null,null
2000,rince,10,index.html,readme2index,null,html,html,true,browser,click here first
2000,rince,300,2000_rince.tar.bz2,mkwinnertbz2,null,tbz2,bz2,true,download,download winning source
2000,robison,null,.winner.json,jwinner,null,json,json,false,null,null
2000,robison,10,index.html,readme2index,null,html,html,true,browser,click here first
2000,robison,300,2000_robison.tar.bz2,mkwinnertbz2,null,tbz2,bz2,true,download,download winning source
2000,schneiderwent,null,.winner.json,jwinner,null,json,json,false,null,null
2000,schneiderwent,10,index.html,readme2index,null,html,html,true,browser,click here first
2000,schneiderwent,300,2000_schneiderwent.tar.bz2,mkwinnertbz2,null,tbz2,bz2,true,download,download winning source
2000,thadgavin,null,.winner.json,jwinner,null,json,json,false,null,null
2000,thadgavin,10,index.html,readme2index,null,html,html,true,browser,click here first
2000,thadgavin,300,2000_thadgavin.tar.bz2,mkwinnertbz2,null,tbz2,bz2,true,download,download winning source
2000,tomx,null,.winner.json,jwinner,null,json,json,false,null,null
2000,tomx,10,index.html,readme2index,null,html,html,true,browser,click here first
2000,tomx,300,2000_tomx.tar.bz2,mkwinnertbz2,null,tbz2,bz2,true,download,download winning source
2001,anonymous,null,.winner.json,jwinner,null,json,json,false,null,null
2001,anonymous,10,index.html,readme2index,null,html,html,true,browser,click here first
2001,anonymous,300,2001_anonymous.tar.bz2,mkwinnertbz2,null,tbz2,bz2,true,download,download winning source
2001,bellard,null,.winner.json,jwinner,null,json,json,false,null,null
2001,bellard,10,index.html,readme2index,null,html,html,true,browser,click here first
2001,bellard,300,2001_bellard.tar.bz2,mkwinnertbz2,null,tbz2,bz2,true,download,download winning source
2001,cheong,null,.winner.json,jwinner,null,json,json,false,null,null
2001,cheong,10,index.html,readme2index,null,html,html,true,browser,click here first
2001,cheong,300,2001_cheong.tar.bz2,mkwinnertbz2,null,tbz2,bz2,true,download,download winning source
2001,coupard,null,.winner.json,jwinner,null,json,json,false,null,null
2001,coupard,10,index.html,readme2index,null,html,html,true,browser,click here first
2001,coupard,300,2001_coupard.tar.bz2,mkwinnertbz2,null,tbz2,bz2,true,download,download winning source
2001,ctk,null,.winner.json,jwinner,null,json,json,false,null,null
2001,ctk,10,index.html,readme2index,null,html,html,true,browser,click here first
2001,ctk,300,2001_ctk.tar.bz2,mkwinnertbz2,null,tbz2,bz2,true,download,download winning source
2001,dgbeards,null,.winner.json,jwinner,null,json,json,false,null,null
2001,dgbeards,10,index.html,readme2index,null,html,html,true,browser,click here first
2001,dgbeards,300,2001_dgbeards.tar.bz2,mkwinnertbz2,null,tbz2,bz2,true,download,download winning source
2001,herrmann1,null,.winner.json,jwinner,null,json,json,false,null,null
2001,herrmann1,10,index.html,readme2index,null,html,html,true,browser,click here first
2001,herrmann1,300,2001_herrmann1.tar.bz2,mkwinnertbz2,null,tbz2,bz2,true,download,download winning source
2001,herrmann2,null,.winner.json,jwinner,null,json,json,false,null,null
2001,herrmann2,10,index.html,readme2index,null,html,html,true,browser,click here first
2001,herrmann2,300,2001_herrmann2.tar.bz2,mkwinnertbz2,null,tbz2,bz2,true,download,download winning source
2001,jason,null,.winner.json,jwinner,null,json,json,false,null,null
2001,jason,10,index.html,readme2index,null,html,html,true,browser,click here first
2001,jason,300,2001_jason.tar.bz2,mkwinnertbz2,null,tbz2,bz2,true,download,download winning source
2001,kev,null,.winner.json,jwinner,null,json,json,false,null,null
2001,kev,10,index.html,readme2index,null,html,html,true,browser,click here first
2001,kev,300,2001_kev.tar.bz2,mkwinnertbz2,null,tbz2,bz2,true,download,download winning source
2001,ollinger,null,.winner.json,jwinner,null,json,json,false,null,null
2001,ollinger,10,index.html,readme2index,null,html,html,true,browser,click here first
2001,ollinger,300,2001_ollinger.tar.bz2,mkwinnertbz2,null,tbz2,bz2,true,download,download winning source
2001,rosten,null,.winner.json,jwinner,null,json,json,false,null,null
2001,rosten,10,index.html,readme2index,null,html,html,true,browser,click here first
2001,rosten,300,2001_rosten.tar.bz2,mkwinnertbz2,null,tbz2,bz2,true,download,download winning source
2001,schweikh,null,.winner.json,jwinner,null,json,json,false,null,null
2001,schweikh,10,index.html,readme2index,null,html,html,true,browser,click here first
2001,schweikh,300,2001_schweikh.tar.bz2,mkwinnertbz2,null,tbz2,bz2,true,download,download winning source
2001,westley,null,.winner.json,jwinner,null,json,json,false,null,null
2001,westley,10,index.html,readme2index,null,html,html,true,browser,click here first
2001,westley,300,2001_westley.tar.bz2,mkwinnertbz2,null,tbz2,bz2,true,download,download winning source
2001,williams,null,.winner.json,jwinner,null,json,json,false,null,null
2001,williams,10,index.html,readme2index,null,html,html,true,browser,click here first
2001,williams,300,2001_williams.tar.bz2,mkwinnertbz2,null,tbz2,bz2,true,download,download winning source
2004,anonymous,null,.winner.json,jwinner,null,json,json,false,null,null
2004,anonymous,10,index.html,readme2index,null,html,html,true,browser,click here first
2004,anonymous,300,2004_anonymous.tar.bz2,mkwinnertbz2,null,tbz2,bz2,true,download,download winning source
2004,arachnid,null,.winner.json,jwinner,null,json,json,false,null,null
2004,arachnid,10,index.html,readme2index,null,html,html,true,browser,click here first
2004,arachnid,300,2004_arachnid.tar.bz2,mkwinnertbz2,null,tbz2,bz2,true,download,download winning source
2004,burley,null,.winner.json,jwinner,null,json,json,false,null,null
2004,burley,10,index.html,readme2index,null,html,html,true,browser,click here first
2004,burley,300,2004_burley.tar.bz2,mkwinnertbz2,null,tbz2,bz2,true,download,download winning source
2004,gavare,null,.winner.json,jwinner,null,json,json,false,null,null
2004,gavare,10,index.html,readme2index,null,html,html,true,browser,click here first
2004,gavare,300,2004_gavare.tar.bz2,mkwinnertbz2,null,tbz2,bz2,true,download,download winning source
2004,gavin,null,.winner.json,jwinner,null,json,json,false,null,null
2004,gavin,10,index.html,readme2index,null,html,html,true,browser,click here first
2004,gavin,100,gavin.html,md2html,null,html,html,true,browser,author usage guide
2004,gavin,300,2004_gavin.tar.bz2,mkwinnertbz2,null,tbz2,bz2,true,download,download winning source
2004,hibachi,null,.winner.json,jwinner,null,json,json,false,null,null
2004,hibachi,10,index.html,readme2index,null,html,html,true,browser,click here first
2004,hibachi,300,2004_hibachi.tar.bz2,mkwinnertbz2,null,tbz2,bz2,true,download,download winning source
2004,hoyle,null,.winner.json,jwinner,null,json,json,false,null,null
2004,hoyle,10,index.html,readme2index,null,html,html,true,browser,click here first
2004,hoyle,300,2004_hoyle.tar.bz2,mkwinnertbz2,null,tbz2,bz2,true,download,download winning source
2004,jdalbec,null,.winner.json,jwinner,null,json,json,false,null,null
2004,jdalbec,10,index.html,readme2index,null,html,html,true,browser,click here first
2004,jdalbec,300,2004_jdalbec.tar.bz2,mkwinnertbz2,null,tbz2,bz2,true,download,download winning source
2004,kopczynski,null,.winner.json,jwinner,null,json,json,false,null,null
2004,kopczynski,10,index.html,readme2index,null,html,html,true,browser,click here first
2004,kopczynski,300,2004_kopczynski.tar.bz2,mkwinnertbz2,null,tbz2,bz2,true,download,download winning source
2004,newbern,null,.winner.json,jwinner,null,json,json,false,null,null
2004,newbern,10,index.html,readme2index,null,html,html,true,browser,click here first
2004,newbern,300,2004_newbern.tar.bz2,mkwinnertbz2,null,tbz2,bz2,true,download,download winning source
2004,omoikane,null,.winner.json,jwinner,null,json,json,false,null,null
2004,omoikane,10,index.html,readme2index,null,html,html,true,browser,click here first
2004,omoikane,300,2004_omoikane.tar.bz2,mkwinnertbz2,null,tbz2,bz2,true,download,download winning source
2004,schnitzi,null,.winner.json,jwinner,null,json,json,false,null,null
2004,schnitzi,10,index.html,readme2index,null,html,html,true,browser,click here first
2004,schnitzi,300,2004_schnitzi.tar.bz2,mkwinnertbz2,null,tbz2,bz2,true,download,download winning source
2004,sds,null,.winner.json,jwinner,null,json,json,false,null,null
2004,sds,10,index.html,readme2index,null,html,html,true,browser,click here first
2004,sds,300,2004_sds.tar.bz2,mkwinnertbz2,null,tbz2,bz2,true,download,download winning source
2004,vik1,null,.winner.json,jwinner,null,json,json,false,null,null
2004,vik1,10,index.html,readme2index,null,html,html,true,browser,click here first
2004,vik1,300,2004_vik1.tar.bz2,mkwinnertbz2,null,tbz2,bz2,true,download,download winning source
2004,vik2,null,.winner.json,jwinner,null,json,json,false,null,null
2004,vik2,10,index.html,readme2index,null,html,html,true,browser,click here first
2004,vik2,300,2004_vik2.tar.bz2,mkwinnertbz2,null,tbz2,bz2,true,download,download winning source
2005,aidan,null,.winner.json,jwinner,null,json,json,false,null,null
2005,aidan,10,index.html,readme2index,null,html,html,true,browser,click here first
2005,aidan,300,2005_aidan.tar.bz2,mkwinnertbz2,null,tbz2,bz2,true,download,download winning source
2005,anon,null,.winner.json,jwinner,null,json,json,false,null,null
2005,anon,10,index.html,readme2index,null,html,html,true,browser,click here first
2005,anon,300,2005_anon.tar.bz2,mkwinnertbz2,null,tbz2,bz2,true,download,download winning source
2005,boutines,null,.winner.json,jwinner,null,json,json,false,null,null
2005,boutines,10,index.html,readme2index,null,html,html,true,browser,click here first
2005,boutines,300,2005_boutines.tar.bz2,mkwinnertbz2,null,tbz2,bz2,true,download,download winning source
2005,chia,null,.winner.json,jwinner,null,json,json,false,null,null
2005,chia,10,index.html,readme2index,null,html,html,true,browser,click here first
2005,chia,300,2005_chia.tar.bz2,mkwinnertbz2,null,tbz2,bz2,true,download,download winning source
2005,giljade,null,.winner.json,jwinner,null,json,json,false,null,null
2005,giljade,10,index.html,readme2index,null,html,html,true,browser,click here first
2005,giljade,300,2005_giljade.tar.bz2,mkwinnertbz2,null,tbz2,bz2,true,download,download winning source
2005,jetro,null,.winner.json,jwinner,null,json,json,false,null,null
2005,jetro,10,index.html,readme2index,null,html,html,true,browser,click here first
2005,jetro,300,2005_jetro.tar.bz2,mkwinnertbz2,null,tbz2,bz2,true,download,download winning source
2005,klausler,null,.winner.json,jwinner,null,json,json,false,null,null
2005,klausler,10,index.html,readme2index,null,html,html,true,browser,click here first
2005,klausler,300,2005_klausler.tar.bz2,mkwinnertbz2,null,tbz2,bz2,true,download,download winning source
2005,mikeash,null,.winner.json,jwinner,null,json,json,false,null,null
2005,mikeash,10,index.html,readme2index,null,html,html,true,browser,click here first
2005,mikeash,300,2005_mikeash.tar.bz2,mkwinnertbz2,null,tbz2,bz2,true,download,download winning source
2005,mynx,null,.winner.json,jwinner,null,json,json,false,null,null
2005,mynx,10,index.html,readme2index,null,html,html,true,browser,click here first
2005,mynx,300,2005_mynx.tar.bz2,mkwinnertbz2,null,tbz2,bz2,true,download,download winning source
2005,persano,null,.winner.json,jwinner,null,json,json,false,null,null
2005,persano,10,index.html,readme2index,null,html,html,true,browser,click here first
2005,persano,300,2005_persano.tar.bz2,mkwinnertbz2,null,tbz2,bz2,true,download,download winning source
2005,sykes,null,.winner.json,jwinner,null,json,json,false,null,null
2005,sykes,10,index.html,readme2index,null,html,html,true,browser,click here first
2005,sykes,300,2005_sykes.tar.bz2,mkwinnertbz2,null,tbz2,bz2,true,download,download winning source
2005,timwi,null,.winner.json,jwinner,null,json,json,false,null,null
2005,timwi,10,index.html,readme2index,null,html,html,true,browser,click here first
2005,timwi,300,2005_timwi.tar.bz2,mkwinnertbz2,null,tbz2,bz2,true,download,download winning source
2005,toledo,null,.winner.json,jwinner,null,json,json,false,null,null
2005,toledo,10,index.html,readme2index,null,html,html,true,browser,click here first
2005,toledo,300,2005_toledo.tar.bz2,mkwinnertbz2,null,tbz2,bz2,true,download,download winning source
2005,vik,null,.winner.json,jwinner,null,json,json,false,null,null
2005,vik,10,index.html,readme2index,null,html,html,true,browser,click here first
2005,vik,300,2005_vik.tar.bz2,mkwinnertbz2,null,tbz2,bz2,true,download,download winning source
2005,vince,null,.winner.json,jwinner,null,json,json,false,null,null
2005,vince,10,index.html,readme2index,null,html,html,true,browser,click here first
2005,vince,300,2005_vince.tar.bz2,mkwinnertbz2,null,tbz2,bz2,true,download,download winning source
2006,birken,null,.winner.json,jwinner,null,json,json,false,null,null
2006,birken,10,index.html,readme2index,null,html,html,true,browser,click here first
2006,birken,300,2006_birken.tar.bz2,mkwinnertbz2,null,tbz2,bz2,true,download,download winning source
2006,borsanyi,null,.winner.json,jwinner,null,json,json,false,null,null
2006,borsanyi,10,index.html,readme2index,null,html,html,true,browser,click here first
2006,borsanyi,300,2006_borsanyi.tar.bz2,mkwinnertbz2,null,tbz2,bz2,true,download,download winning source
2006,grothe,null,.winner.json,jwinner,null,json,json,false,null,null
2006,grothe,10,index.html,readme2index,null,html,html,true,browser,click here first
2006,grothe,300,2006_grothe.tar.bz2,mkwinnertbz2,null,tbz2,bz2,true,download,download winning source
2006,hamre,null,.winner.json,jwinner,null,json,json,false,null,null
2006,hamre,10,index.html,readme2index,null,html,html,true,browser,click here first
2006,hamre,300,2006_hamre.tar.bz2,mkwinnertbz2,null,tbz2,bz2,true,download,download winning source
2006,meyer,null,.winner.json,jwinner,null,json,json,false,null,null
2006,meyer,10,index.html,readme2index,null,html,html,true,browser,click here first
2006,meyer,300,2006_meyer.tar.bz2,mkwinnertbz2,null,tbz2,bz2,true,download,download winning source
2006,monge,null,.winner.json,jwinner,null,json,json,false,null,null
2006,monge,10,index.html,readme2index,null,html,html,true,browser,click here first
2006,monge,300,2006_monge.tar.bz2,mkwinnertbz2,null,tbz2,bz2,true,download,download winning source
2006,night,null,.winner.json,jwinner,null,json,json,false,null,null
2006,night,10,index.html,readme2index,null,html,html,true,browser,click here first
2006,night,300,2006_night.tar.bz2,mkwinnertbz2,null,tbz2,bz2,true,download,download winning source
2006,sloane,null,.winner.json,jwinner,null,json,json,false,null,null
2006,sloane,10,index.html,readme2index,null,html,html,true,browser,click here first
2006,sloane,300,2006_sloane.tar.bz2,mkwinnertbz2,null,tbz2,bz2,true,download,download winning source
2006,stewart,null,.winner.json,jwinner,null,json,json,false,null,null
2006,stewart,10,index.html,readme2index,null,html,html,true,browser,click here first
2006,stewart,300,2006_stewart.tar.bz2,mkwinnertbz2,null,tbz2,bz2,true,download,download winning source
2006,sykes1,null,.winner.json,jwinner,null,json,json,false,null,null
2006,sykes1,10,index.html,readme2index,null,html,html,true,browser,click here first
2006,sykes1,300,2006_sykes1.tar.bz2,mkwinnertbz2,null,tbz2,bz2,true,download,download winning source
2006,sykes2,null,.winner.json,jwinner,null,json,json,false,null,null
2006,sykes2,10,index.html,readme2index,null,html,html,true,browser,click here first
2006,sykes2,300,2006_sykes2.tar.bz2,mkwinnertbz2,null,tbz2,bz2,true,download,download winning source
2006,toledo1,null,.winner.json,jwinner,null,json,json,false,null,null
2006,toledo1,10,index.html,readme2index,null,html,html,true,browser,click here first
2006,toledo1,300,2006_toledo1.tar.bz2,mkwinnertbz2,null,tbz2,bz2,true,download,download winning source
2006,toledo2,null,.winner.json,jwinner,null,json,json,false,null,null
2006,toledo2,10,index.html,readme2index,null,html,html,true,browser,click here first
2006,toledo2,300,2006_toledo2.tar.bz2,mkwinnertbz2,null,tbz2,bz2,true,download,download winning source
2006,toledo3,null,.winner.json,jwinner,null,json,json,false,null,null
2006,toledo3,10,index.html,readme2index,null,html,html,true,browser,click here first
2006,toledo3,300,2006_toledo3.tar.bz2,mkwinnertbz2,null,tbz2,bz2,true,download,download winning source
2011,akari,null,.winner.json,jwinner,null,json,json,false,null,null
2011,akari,10,index.html,readme2index,null,html,html,true,browser,click here first
2011,akari,300,2011_akari.tar.bz2,mkwinnertbz2,null,tbz2,bz2,true,download,download winning source
2011,blakely,null,.winner.json,jwinner,null,json,json,false,null,null
2011,blakely,10,index.html,readme2index,null,html,html,true,browser,click here first
2011,blakely,300,2011_blakely.tar.bz2,mkwinnertbz2,null,tbz2,bz2,true,download,download winning source
2011,borsanyi,null,.winner.json,jwinner,null,json,json,false,null,null
2011,borsanyi,10,index.html,readme2index,null,html,html,true,browser,click here first
2011,borsanyi,300,2011_borsanyi.tar.bz2,mkwinnertbz2,null,tbz2,bz2,true,download,download winning source
2011,dlowe,null,.winner.json,jwinner,null,json,json,false,null,null
2011,dlowe,10,index.html,readme2index,null,html,html,true,browser,click here first
2011,dlowe,300,2011_dlowe.tar.bz2,mkwinnertbz2,null,tbz2,bz2,true,download,download winning source
2011,eastman,null,.winner.json,jwinner,null,json,json,false,null,null
2011,eastman,10,index.html,readme2index,null,html,html,true,browser,click here first
2011,eastman,300,2011_eastman.tar.bz2,mkwinnertbz2,null,tbz2,bz2,true,download,download winning source
2011,fredriksson,null,.winner.json,jwinner,null,json,json,false,null,null
2011,fredriksson,10,index.html,readme2index,null,html,html,true,browser,click here first
2011,fredriksson,300,2011_fredriksson.tar.bz2,mkwinnertbz2,null,tbz2,bz2,true,download,download winning source
2011,goren,null,.winner.json,jwinner,null,json,json,false,null,null
2011,goren,10,index.html,readme2index,null,html,html,true,browser,click here first
2011,goren,300,2011_goren.tar.bz2,mkwinnertbz2,null,tbz2,bz2,true,download,download winning source
2011,hamaji,null,.winner.json,jwinner,null,json,json,false,null,null
2011,hamaji,10,index.html,readme2index,null,html,html,true,browser,click here first
2011,hamaji,300,2011_hamaji.tar.bz2,mkwinnertbz2,null,tbz2,bz2,true,download,download winning source
2011,hou,null,.winner.json,jwinner,null,json,json,false,null,null
2011,hou,10,index.html,readme2index,null,html,html,true,browser,click here first
2011,hou,300,2011_hou.tar.bz2,mkwinnertbz2,null,tbz2,bz2,true,download,download winning source
2011,konno,null,.winner.json,jwinner,null,json,json,false,null,null
2011,konno,10,index.html,readme2index,null,html,html,true,browser,click here first
2011,konno,300,2011_konno.tar.bz2,mkwinnertbz2,null,tbz2,bz2,true,download,download winning source
2011,richards,null,.winner.json,jwinner,null,json,json,false,null,null
2011,richards,10,index.html,readme2index,null,html,html,true,browser,click here first
2011,richards,300,2011_richards.tar.bz2,mkwinnertbz2,null,tbz2,bz2,true,download,download winning source
2011,toledo,null,.winner.json,jwinner,null,json,json,false,null,null
2011,toledo,10,index.html,readme2index,null,html,html,true,browser,click here first
2011,toledo,300,2011_toledo.tar.bz2,mkwinnertbz2,null,tbz2,bz2,true,download,download winning source
2011,vik,null,.winner.json,jwinner,null,json,json,false,null,null
2011,vik,10,index.html,readme2index,null,html,html,true,browser,click here first
2011,vik,300,2011_vik.tar.bz2,mkwinnertbz2,null,tbz2,bz2,true,download,download winning source
2011,zucker,null,.winner.json,jwinner,null,json,json,false,null,null
2011,zucker,10,index.html,readme2index,null,html,html,true,browser,click here first
2011,zucker,300,2011_zucker.tar.bz2,mkwinnertbz2,null,tbz2,bz2,true,download,download winning source
2012,blakely,null,.winner.json,jwinner,null,json,json,false,null,null
2012,blakely,10,index.html,readme2index,null,html,html,true,browser,click here first
2012,blakely,300,2012_blakely.tar.bz2,mkwinnertbz2,null,tbz2,bz2,true,download,download winning source
2012,deckmyn,null,.winner.json,jwinner,null,json,json,false,null,null
2012,deckmyn,10,index.html,readme2index,null,html,html,true,browser,click here first
2012,deckmyn,100,deckmyn.html,md2html,null,html,html,true,browser,user manual
2012,deckmyn,300,2012_deckmyn.tar.bz2,mkwinnertbz2,null,tbz2,bz2,true,download,download winning source
2012,dlowe,null,.winner.json,jwinner,null,json,json,false,null,null
2012,dlowe,10,index.html,readme2index,null,html,html,true,browser,click here first
2012,dlowe,300,2012_dlowe.tar.bz2,mkwinnertbz2,null,tbz2,bz2,true,download,download winning source
2012,endoh1,null,.winner.json,jwinner,null,json,json,false,null,null
2012,endoh1,10,index.html,readme2index,null,html,html,true,browser,click here first
2012,endoh1,300,2012_endoh1.tar.bz2,mkwinnertbz2,null,tbz2,bz2,true,download,download winning source
2012,endoh2,null,.winner.json,jwinner,null,json,json,false,null,null
2012,endoh2,10,index.html,readme2index,null,html,html,true,browser,click here first
2012,endoh2,300,2012_endoh2.tar.bz2,mkwinnertbz2,null,tbz2,bz2,true,download,download winning source
2012,grothe,null,.winner.json,jwinner,null,json,json,false,null,null
2012,grothe,10,index.html,readme2index,null,html,html,true,browser,click here first
2012,grothe,300,2012_grothe.tar.bz2,mkwinnertbz2,null,tbz2,bz2,true,download,download winning source
2012,hamano,null,.winner.json,jwinner,null,json,json,false,null,null
2012,hamano,10,index.html,readme2index,null,html,html,true,browser,click here first
2012,hamano,300,2012_hamano.tar.bz2,mkwinnertbz2,null,tbz2,bz2,true,download,download winning source
2012,hou,null,.winner.json,jwinner,null,json,json,false,null,null
2012,hou,10,index.html,readme2index,null,html,html,true,browser,click here first
2012,hou,300,2012_hou.tar.bz2,mkwinnertbz2,null,tbz2,bz2,true,download,download winning source
2012,kang,null,.winner.json,jwinner,null,json,json,false,null,null
2012,kang,10,index.html,readme2index,null,html,html,true,browser,click here first
2012,kang,300,2012_kang.tar.bz2,mkwinnertbz2,null,tbz2,bz2,true,download,download winning source
2012,konno,null,.winner.json,jwinner,null,json,json,false,null,null
2012,konno,10,index.html,readme2index,null,html,html,true,browser,click here first
2012,konno,300,2012_konno.tar.bz2,mkwinnertbz2,null,tbz2,bz2,true,download,download winning source
2012,omoikane,null,.winner.json,jwinner,null,json,json,false,null,null
2012,omoikane,10,index.html,readme2index,null,html,html,true,browser,click here first
2012,omoikane,300,2012_omoikane.tar.bz2,mkwinnertbz2,null,tbz2,bz2,true,download,download winning source
2012,tromp,null,.winner.json,jwinner,null,json,json,false,null,null
2012,tromp,10,index.html,readme2index,null,html,html,true,browser,click here first
2012,tromp,100,how.html,md2html,null,html,html,true,browser,author supplied spoiler
2012,tromp,300,2012_tromp.tar.bz2,mkwinnertbz2,null,tbz2,bz2,true,download,download winning source
2012,vik,null,.winner.json,jwinner,null,json,json,false,null,null
2012,vik,10,index.html,readme2index,null,html,html,true,browser,click here first
2012,vik,300,2012_vik.tar.bz2,mkwinnertbz2,null,tbz2,bz2,true,download,download winning source
2012,zeitak,null,.winner.json,jwinner,null,json,json,false,null,null
2012,zeitak,10,index.html,readme2index,null,html,html,true,browser,click here first
2012,zeitak,300,2012_zeitak.tar.bz2,mkwinnertbz2,null,tbz2,bz2,true,download,download winning source
2013,birken,null,.winner.json,jwinner,null,json,json,false,null,null
2013,birken,10,index.html,readme2index,null,html,html,true,browser,click here first
2013,birken,300,2013_birken.tar.bz2,mkwinnertbz2,null,tbz2,bz2,true,download,download winning source
2013,cable1,null,.winner.json,jwinner,null,json,json,false,null,null
2013,cable1,10,index.html,readme2index,null,html,html,true,browser,click here first
2013,cable1,300,2013_cable1.tar.bz2,mkwinnertbz2,null,tbz2,bz2,true,download,download winning source
2013,cable2,null,.winner.json,jwinner,null,json,json,false,null,null
2013,cable2,10,index.html,readme2index,null,html,html,true,browser,click here first
2013,cable2,300,2013_cable2.tar.bz2,mkwinnertbz2,null,tbz2,bz2,true,download,download winning source
2013,cable3,null,.winner.json,jwinner,null,json,json,false,null,null
2013,cable3,10,index.html,readme2index,null,html,html,true,browser,click here first
2013,cable3,300,2013_cable3.tar.bz2,mkwinnertbz2,null,tbz2,bz2,true,download,download winning source
2013,dlowe,null,.winner.json,jwinner,null,json,json,false,null,null
2013,dlowe,10,index.html,readme2index,null,html,html,true,browser,click here first
2013,dlowe,300,2013_dlowe.tar.bz2,mkwinnertbz2,null,tbz2,bz2,true,download,download winning source
2013,endoh1,null,.winner.json,jwinner,null,json,json,false,null,null
2013,endoh1,10,index.html,readme2index,null,html,html,true,browser,click here first
2013,endoh1,300,2013_endoh1.tar.bz2,mkwinnertbz2,null,tbz2,bz2,true,download,download winning source
2013,endoh2,null,.winner.json,jwinner,null,json,json,false,null,null
2013,endoh2,10,index.html,readme2index,null,html,html,true,browser,click here first
2013,endoh2,300,2013_endoh2.tar.bz2,mkwinnertbz2,null,tbz2,bz2,true,download,download winning source
2013,endoh3,null,.winner.json,jwinner,null,json,json,false,null,null
2013,endoh3,10,index.html,readme2index,null,html,html,true,browser,click here first
2013,endoh3,300,2013_endoh3.tar.bz2,mkwinnertbz2,null,tbz2,bz2,true,download,download winning source
2013,endoh4,null,.winner.json,jwinner,null,json,json,false,null,null
2013,endoh4,10,index.html,readme2index,null,html,html,true,browser,click here first
2013,endoh4,300,2013_endoh4.tar.bz2,mkwinnertbz2,null,tbz2,bz2,true,download,download winning source
2013,hou,null,.winner.json,jwinner,null,json,json,false,null,null
2013,hou,10,index.html,readme2index,null,html,html,true,browser,click here first
2013,hou,100,doc/example.html,md2html,null,html,html,true,browser,detailed information about entry
2013,hou,300,2013_hou.tar.bz2,mkwinnertbz2,null,tbz2,bz2,true,download,download winning source
2013,mills,null,.winner.json,jwinner,null,json,json,false,null,null
2013,mills,10,index.html,readme2index,null,html,html,true,browser,click here first
2013,mills,300,2013_mills.tar.bz2,mkwinnertbz2,null,tbz2,bz2,true,download,download winning source
2013,misaka,null,.winner.json,jwinner,null,json,json,false,null,null
2013,misaka,10,index.html,readme2index,null,html,html,true,browser,click here first
2013,misaka,300,2013_misaka.tar.bz2,mkwinnertbz2,null,tbz2,bz2,true,download,download winning source
2013,morgan1,null,.winner.json,jwinner,null,json,json,false,null,null
2013,morgan1,10,index.html,readme2index,null,html,html,true,browser,click here first
2013,morgan1,300,2013_morgan1.tar.bz2,mkwinnertbz2,null,tbz2,bz2,true,download,download winning source
2013,morgan2,null,.winner.json,jwinner,null,json,json,false,null,null
2013,morgan2,10,index.html,readme2index,null,html,html,true,browser,click here first
2013,morgan2,300,2013_morgan2.tar.bz2,mkwinnertbz2,null,tbz2,bz2,true,download,download winning source
2013,robison,null,.winner.json,jwinner,null,json,json,false,null,null
2013,robison,10,index.html,readme2index,null,html,html,true,browser,click here first
2013,robison,300,2013_robison.tar.bz2,mkwinnertbz2,null,tbz2,bz2,true,download,download winning source
2014,birken,null,.winner.json,jwinner,null,json,json,false,null,null
2014,birken,10,index.html,readme2index,null,html,html,true,browser,click here first
2014,birken,300,2014_birken.tar.bz2,mkwinnertbz2,null,tbz2,bz2,true,download,download winning source
2014,deak,null,.winner.json,jwinner,null,json,json,false,null,null
2014,deak,10,index.html,readme2index,null,html,html,true,browser,click here first
2014,deak,300,2014_deak.tar.bz2,mkwinnertbz2,null,tbz2,bz2,true,download,download winning source
2014,endoh1,null,.winner.json,jwinner,null,json,json,false,null,null
2014,endoh1,10,index.html,readme2index,null,html,html,true,browser,click here first
2014,endoh1,100,read_me.html,md2html,null,html,html,true,browser,about the Q(uine)R code generator
2014,endoh1,100,spoilers.html,md2html,null,html,html,true,browser,spoilers about Q(uine)R code generator
2014,endoh1,300,2014_endoh1.tar.bz2,mkwinnertbz2,null,tbz2,bz2,true,download,download winning source
2014,endoh2,null,.winner.json,jwinner,null,json,json,false,null,null
2014,endoh2,10,index.html,readme2index,null,html,html,true,browser,click here first
2014,endoh2,300,2014_endoh2.tar.bz2,mkwinnertbz2,null,tbz2,bz2,true,download,download winning source
2014,maffiodo1,null,.winner.json,jwinner,null,json,json,false,null,null
2014,maffiodo1,10,index.html,readme2index,null,html,html,true,browser,click here first
2014,maffiodo1,300,2014_maffiodo1.tar.bz2,mkwinnertbz2,null,tbz2,bz2,true,download,download winning source
2014,maffiodo2,null,.winner.json,jwinner,null,json,json,false,null,null
2014,maffiodo2,10,index.html,readme2index,null,html,html,true,browser,click here first
2014,maffiodo2,300,2014_maffiodo2.tar.bz2,mkwinnertbz2,null,tbz2,bz2,true,download,download winning source
2014,morgan,null,.winner.json,jwinner,null,json,json,false,null,null
2014,morgan,10,index.html,readme2index,null,html,html,true,browser,click here first
2014,morgan,300,2014_morgan.tar.bz2,mkwinnertbz2,null,tbz2,bz2,true,download,download winning source
2014,sinon,null,.winner.json,jwinner,null,json,json,false,null,null
2014,sinon,10,index.html,readme2index,null,html,html,true,browser,click here first
2014,sinon,300,2014_sinon.tar.bz2,mkwinnertbz2,null,tbz2,bz2,true,download,download winning source
2014,skeggs,null,.winner.json,jwinner,null,json,json,false,null,null
2014,skeggs,10,index.html,readme2index,null,html,html,true,browser,click here first
2014,skeggs,300,2014_skeggs.tar.bz2,mkwinnertbz2,null,tbz2,bz2,true,download,download winning source
2014,vik,null,.winner.json,jwinner,null,json,json,false,null,null
2014,vik,10,index.html,readme2index,null,html,html,true,browser,click here first
2014,vik,300,2014_vik.tar.bz2,mkwinnertbz2,null,tbz2,bz2,true,download,download winning source
2014,wiedijk,null,.winner.json,jwinner,null,json,json,false,null,null
2014,wiedijk,10,index.html,readme2index,null,html,html,true,browser,click here first
2014,wiedijk,300,2014_wiedijk.tar.bz2,mkwinnertbz2,null,tbz2,bz2,true,download,download winning source
2015,burton,null,.winner.json,jwinner,null,json,json,false,null,null
2015,burton,10,index.html,readme2index,null,html,html,true,browser,click here first
2015,burton,200,spoilers.html,md2html,null,html,html,true,browser,SPOILER WARNING
2015,burton,300,2015_burton.tar.bz2,mkwinnertbz2,null,tbz2,bz2,true,download,download winning source
2015,dogon,null,.winner.json,jwinner,null,json,json,false,null,null
2015,dogon,10,index.html,readme2index,null,html,html,true,browser,click here first
2015,dogon,300,2015_dogon.tar.bz2,mkwinnertbz2,null,tbz2,bz2,true,download,download winning source
2015,duble,null,.winner.json,jwinner,null,json,json,false,null,null
2015,duble,10,index.html,readme2index,null,html,html,true,browser,click here first
2015,duble,300,2015_duble.tar.bz2,mkwinnertbz2,null,tbz2,bz2,true,download,download winning source
2015,endoh1,null,.winner.json,jwinner,null,json,json,false,null,null
2015,endoh1,10,index.html,readme2index,null,html,html,true,browser,click here first
2015,endoh1,300,2015_endoh1.tar.bz2,mkwinnertbz2,null,tbz2,bz2,true,download,download winning source
2015,endoh2,null,.winner.json,jwinner,null,json,json,false,null,null
2015,endoh2,10,index.html,readme2index,null,html,html,true,browser,click here first
2015,endoh2,300,2015_endoh2.tar.bz2,mkwinnertbz2,null,tbz2,bz2,true,download,download winning source
2015,endoh3,null,.winner.json,jwinner,null,json,json,false,null,null
2015,endoh3,10,index.html,readme2index,null,html,html,true,browser,click here first
2015,endoh3,300,2015_endoh3.tar.bz2,mkwinnertbz2,null,tbz2,bz2,true,download,download winning source
2015,endoh4,null,.winner.json,jwinner,null,json,json,false,null,null
2015,endoh4,10,index.html,readme2index,null,html,html,true,browser,click here first
2015,endoh4,300,2015_endoh4.tar.bz2,mkwinnertbz2,null,tbz2,bz2,true,download,download winning source
2015,hou,null,.winner.json,jwinner,null,json,json,false,null,null
2015,hou,10,index.html,readme2index,null,html,html,true,browser,click here first
2015,hou,300,2015_hou.tar.bz2,mkwinnertbz2,null,tbz2,bz2,true,download,download winning source
2015,howe,null,.winner.json,jwinner,null,json,json,false,null,null
2015,howe,10,index.html,readme2index,null,html,html,true,browser,click here first
2015,howe,300,2015_howe.tar.bz2,mkwinnertbz2,null,tbz2,bz2,true,download,download winning source
2015,mills1,null,.winner.json,jwinner,null,json,json,false,null,null
2015,mills1,10,index.html,readme2index,null,html,html,true,browser,click here first
2015,mills1,300,2015_mills1.tar.bz2,mkwinnertbz2,null,tbz2,bz2,true,download,download winning source
2015,mills2,null,.winner.json,jwinner,null,json,json,false,null,null
2015,mills2,10,index.html,readme2index,null,html,html,true,browser,click here first
2015,mills2,300,2015_mills2.tar.bz2,mkwinnertbz2,null,tbz2,bz2,true,download,download winning source
2015,muth,null,.winner.json,jwinner,null,json,json,false,null,null
2015,muth,10,index.html,readme2index,null,html,html,true,browser,click here first
2015,muth,300,2015_muth.tar.bz2,mkwinnertbz2,null,tbz2,bz2,true,download,download winning source
2015,schweikhardt,null,.winner.json,jwinner,null,json,json,false,null,null
2015,schweikhardt,10,index.html,readme2index,null,html,html,true,browser,click here first
2015,schweikhardt,300,2015_schweikhardt.tar.bz2,mkwinnertbz2,null,tbz2,bz2,true,download,download winning source
2015,yang,null,.winner.json,jwinner,null,json,json,false,null,null
2015,yang,10,index.html,readme2index,null,html,html,true,browser,click here first
2015,yang,300,2015_yang.tar.bz2,mkwinnertbz2,null,tbz2,bz2,true,download,download winning source
2018,algmyr,null,.winner.json,jwinner,null,json,json,false,null,null
2018,algmyr,10,index.html,readme2index,null,html,html,true,browser,click here first
2018,algmyr,300,2018_algmyr.tar.bz2,mkwinnertbz2,null,tbz2,bz2,true,download,download winning source
2018,anderson,null,.winner.json,jwinner,null,json,json,false,null,null
2018,anderson,10,index.html,readme2index,null,html,html,true,browser,click here first
2018,anderson,300,2018_anderson.tar.bz2,mkwinnertbz2,null,tbz2,bz2,true,download,download winning source
2018,bellard,null,.winner.json,jwinner,null,json,json,false,null,null
2018,bellard,10,index.html,readme2index,null,html,html,true,browser,click here first
2018,bellard,300,2018_bellard.tar.bz2,mkwinnertbz2,null,tbz2,bz2,true,download,download winning source
2018,burton1,null,.winner.json,jwinner,null,json,json,false,null,null
2018,burton1,10,index.html,readme2index,null,html,html,true,browser,click here first
2018,burton1,300,2018_burton1.tar.bz2,mkwinnertbz2,null,tbz2,bz2,true,download,download winning source
2018,burton2,null,.winner.json,jwinner,null,json,json,false,null,null
2018,burton2,10,index.html,readme2index,null,html,html,true,browser,click here first
2018,burton2,100,discrepancies.html,md2html,null,html,html,true,browser,field-by-field difference between iocccsize and ion
2018,burton2,300,2018_burton2.tar.bz2,mkwinnertbz2,null,tbz2,bz2,true,download,download winning source
2018,ciura,null,.winner.json,jwinner,null,json,json,false,null,null
2018,ciura,10,index.html,readme2index,null,html,html,true,browser,click here first
2018,ciura,300,2018_ciura.tar.bz2,mkwinnertbz2,null,tbz2,bz2,true,download,download winning source
2018,endoh1,null,.winner.json,jwinner,null,json,json,false,null,null
2018,endoh1,10,index.html,readme2index,null,html,html,true,browser,click here first
2018,endoh1,300,2018_endoh1.tar.bz2,mkwinnertbz2,null,tbz2,bz2,true,download,download winning source
2018,endoh2,null,.winner.json,jwinner,null,json,json,false,null,null
2018,endoh2,10,index.html,readme2index,null,html,html,true,browser,click here first
2018,endoh2,300,2018_endoh2.tar.bz2,mkwinnertbz2,null,tbz2,bz2,true,download,download winning source
2018,ferguson,null,.winner.json,jwinner,null,json,json,false,null,null
2018,ferguson,10,index.html,readme2index,null,html,html,true,browser,click here first
2018,ferguson,100,rpm.html,md2html,null,html,html,true,browser,about forming the rpm
2018,ferguson,300,2018_ferguson.tar.bz2,mkwinnertbz2,null,tbz2,bz2,true,download,download winning source
2018,giles,null,.winner.json,jwinner,null,json,json,false,null,null
2018,giles,10,index.html,readme2index,null,html,html,true,browser,click here first
2018,giles,300,2018_giles.tar.bz2,mkwinnertbz2,null,tbz2,bz2,true,download,download winning source
2018,hou,null,.winner.json,jwinner,null,json,json,false,null,null
2018,hou,10,index.html,readme2index,null,html,html,true,browser,click here first
2018,hou,300,2018_hou.tar.bz2,mkwinnertbz2,null,tbz2,bz2,true,download,download winning source
2018,mills,null,.winner.json,jwinner,null,json,json,false,null,null
2018,mills,10,index.html,readme2index,null,html,html,true,browser,click here first
2018,mills,300,2018_mills.tar.bz2,mkwinnertbz2,null,tbz2,bz2,true,download,download winning source
2018,poikola,null,.winner.json,jwinner,null,json,json,false,null,null
2018,poikola,10,index.html,readme2index,null,html,html,true,browser,click here first
2018,poikola,300,2018_poikola.tar.bz2,mkwinnertbz2,null,tbz2,bz2,true,download,download winning source
2018,vokes,null,.winner.json,jwinner,null,json,json,false,null,null
2018,vokes,10,index.html,readme2index,null,html,html,true,browser,click here first
2018,vokes,300,2018_vokes.tar.bz2,mkwinnertbz2,null,tbz2,bz2,true,download,download winning source
2018,yang,null,.winner.json,jwinner,null,json,json,false,null,null
2018,yang,10,index.html,readme2index,null,html,html,true,browser,click here first
2018,yang,300,2018_yang.tar.bz2,mkwinnertbz2,null,tbz2,bz2,true,download,download winning source
2019,adamovsky,null,.winner.json,jwinner,null,json,json,false,null,null
2019,adamovsky,10,index.html,readme2index,null,html,html,true,browser,click here first
2019,adamovsky,300,2019_adamovsky.tar.bz2,mkwinnertbz2,null,tbz2,bz2,true,download,download winning source
2019,burton,null,.winner.json,jwinner,null,json,json,false,null,null
2019,burton,10,index.html,readme2index,null,html,html,true,browser,click here first
2019,burton,300,2019_burton.tar.bz2,mkwinnertbz2,null,tbz2,bz2,true,download,download winning source
2019,ciura,null,.winner.json,jwinner,null,json,json,false,null,null
2019,ciura,10,index.html,readme2index,null,html,html,true,browser,click here first
2019,ciura,300,2019_ciura.tar.bz2,mkwinnertbz2,null,tbz2,bz2,true,download,download winning source
2019,diels-grabsch1,null,.winner.json,jwinner,null,json,json,false,null,null
2019,diels-grabsch1,10,index.html,readme2index,null,html,html,true,browser,click here first
2019,diels-grabsch1,300,2019_diels-grabsch1.tar.bz2,mkwinnertbz2,null,tbz2,bz2,true,download,download winning source
2019,diels-grabsch2,null,.winner.json,jwinner,null,json,json,false,null,null
2019,diels-grabsch2,10,index.html,readme2index,null,html,html,true,browser,click here first
2019,diels-grabsch2,300,2019_diels-grabsch2.tar.bz2,mkwinnertbz2,null,tbz2,bz2,true,download,download winning source
2019,dogon,null,.winner.json,jwinner,null,json,json,false,null,null
2019,dogon,10,index.html,readme2index,null,html,html,true,browser,click here first
2019,dogon,300,2019_dogon.tar.bz2,mkwinnertbz2,null,tbz2,bz2,true,download,download winning source
2019,duble,null,.winner.json,jwinner,null,json,json,false,null,null
2019,duble,10,index.html,readme2index,null,html,html,true,browser,click here first
2019,duble,300,2019_duble.tar.bz2,mkwinnertbz2,null,tbz2,bz2,true,download,download winning source
2019,endoh,null,.winner.json,jwinner,null,json,json,false,null,null
2019,endoh,10,index.html,readme2index,null,html,html,true,browser,click here first
2019,endoh,300,2019_endoh.tar.bz2,mkwinnertbz2,null,tbz2,bz2,true,download,download winning source
2019,giles,null,.winner.json,jwinner,null,json,json,false,null,null
2019,giles,10,index.html,readme2index,null,html,html,true,browser,click here first
2019,giles,300,2019_giles.tar.bz2,mkwinnertbz2,null,tbz2,bz2,true,download,download winning source
2019,karns,null,.winner.json,jwinner,null,json,json,false,null,null
2019,karns,10,index.html,readme2index,null,html,html,true,browser,click here first
2019,karns,300,2019_karns.tar.bz2,mkwinnertbz2,null,tbz2,bz2,true,download,download winning source
2019,lynn,null,.winner.json,jwinner,null,json,json,false,null,null
2019,lynn,10,index.html,readme2index,null,html,html,true,browser,click here first
2019,lynn,300,2019_lynn.tar.bz2,mkwinnertbz2,null,tbz2,bz2,true,download,download winning source
2019,mills,null,.winner.json,jwinner,null,json,json,false,null,null
2019,mills,10,index.html,readme2index,null,html,html,true,browser,click here first
2019,mills,300,2019_mills.tar.bz2,mkwinnertbz2,null,tbz2,bz2,true,download,download winning source
2019,poikola,null,.winner.json,jwinner,null,json,json,false,null,null
2019,poikola,10,index.html,readme2index,null,html,html,true,browser,click here first
2019,poikola,300,2019_poikola.tar.bz2,mkwinnertbz2,null,tbz2,bz2,true,download,download winning source
2019,yang,null,.winner.json,jwinner,null,json,json,false,null,null
2019,yang,10,index.html,readme2index,null,html,html,true,browser,click here first
2019,yang,300,2019_yang.tar.bz2,mkwinnertbz2,null,tbz2,bz2,true,download,download winning source
2020,burton,null,.winner.json,jwinner,null,json,json,false,null,null
2020,burton,10,index.html,readme2index,null,html,html,true,browser,click here first
2020,burton,300,2020_burton.tar.bz2,mkwinnertbz2,null,tbz2,bz2,true,download,download winning source
2020,carlini,null,.winner.json,jwinner,null,json,json,false,null,null
2020,carlini,10,index.html,readme2index,null,html,html,true,browser,click here first
2020,carlini,300,2020_carlini.tar.bz2,mkwinnertbz2,null,tbz2,bz2,true,download,download winning source
2020,endoh1,null,.winner.json,jwinner,null,json,json,false,null,null
2020,endoh1,10,index.html,readme2index,null,html,html,true,browser,click here first
2020,endoh1,300,2020_endoh1.tar.bz2,mkwinnertbz2,null,tbz2,bz2,true,download,download winning source
2020,endoh2,null,.winner.json,jwinner,null,json,json,false,null,null
2020,endoh2,10,index.html,readme2index,null,html,html,true,browser,click here first
2020,endoh2,300,2020_endoh2.tar.bz2,mkwinnertbz2,null,tbz2,bz2,true,download,download winning source
2020,endoh3,null,.winner.json,jwinner,null,json,json,false,null,null
2020,endoh3,10,index.html,readme2index,null,html,html,true,browser,click here first
2020,endoh3,300,2020_endoh3.tar.bz2,mkwinnertbz2,null,tbz2,bz2,true,download,download winning source
2020,ferguson1,null,.winner.json,jwinner,null,json,json,false,null,null
2020,ferguson1,10,index.html,readme2index,null,html,html,true,browser,click here first
2020,ferguson1,100,COMPILING.html,md2html,null,html,html,true,browser,about compiling
2020,ferguson1,100,HACKING.html,md2html,null,html,html,true,browser,information for herpetologist hackers
2020,ferguson1,100,cannibalism.log.html,md2html,null,html,html,true,browser,about the snake game
2020,ferguson1,100,crazy.log.html,md2html,null,html,html,true,browser,about some screen dumps
2020,ferguson1,150,bugs.html,md2html,null,html,html,true,browser,bugs and mis-features
2020,ferguson1,150,chocolate-cake.html,md2html,null,html,html,true,browser,chocolate cake recipe
2020,ferguson1,150,gameplay.html,md2html,null,html,html,true,browser,how to play
2020,ferguson1,150,terminals.html,md2html,null,html,html,true,browser,terminal capability documentation
2020,ferguson1,150,troubleshooting.html,md2html,null,html,html,true,browser,troubleshooting
2020,ferguson1,200,spoilers.html,md2html,null,html,html,true,browser,SPOILER WARNING
2020,ferguson1,300,2020_ferguson1.tar.bz2,mkwinnertbz2,null,tbz2,bz2,true,download,download winning source
2020,ferguson2,null,.winner.json,jwinner,null,json,json,false,null,null
2020,ferguson2,10,index.html,readme2index,null,html,html,true,browser,click here first
2020,ferguson2,300,2020_ferguson2.tar.bz2,mkwinnertbz2,null,tbz2,bz2,true,download,download winning source
2020,giles,null,.winner.json,jwinner,null,json,json,false,null,null
2020,giles,10,index.html,readme2index,null,html,html,true,browser,click here first
2020,giles,300,2020_giles.tar.bz2,mkwinnertbz2,null,tbz2,bz2,true,download,download winning source
2020,kurdyukov1,null,.winner.json,jwinner,null,json,json,false,null,null
2020,kurdyukov1,10,index.html,readme2index,null,html,html,true,browser,click here first
2020,kurdyukov1,300,2020_kurdyukov1.tar.bz2,mkwinnertbz2,null,tbz2,bz2,true,download,download winning source
2020,kurdyukov2,null,.winner.json,jwinner,null,json,json,false,null,null
2020,kurdyukov2,10,index.html,readme2index,null,html,html,true,browser,click here first
2020,kurdyukov2,300,2020_kurdyukov2.tar.bz2,mkwinnertbz2,null,tbz2,bz2,true,download,download winning source
2020,kurdyukov3,null,.winner.json,jwinner,null,json,json,false,null,null
2020,kurdyukov3,10,index.html,readme2index,null,html,html,true,browser,click here first
2020,kurdyukov3,300,2020_kurdyukov3.tar.bz2,mkwinnertbz2,null,tbz2,bz2,true,download,download winning source
2020,kurdyukov4,null,.winner.json,jwinner,null,json,json,false,null,null
2020,kurdyukov4,10,index.html,readme2index,null,html,html,true,browser,click here first
2020,kurdyukov4,300,2020_kurdyukov4.tar.bz2,mkwinnertbz2,null,tbz2,bz2,true,download,download winning source
2020,otterness,null,.winner.json,jwinner,null,json,json,false,null,null
2020,otterness,10,index.html,readme2index,null,html,html,true,browser,click here first
2020,otterness,300,2020_otterness.tar.bz2,mkwinnertbz2,null,tbz2,bz2,true,download,download winning source
2020,tsoj,null,.winner.json,jwinner,null,json,json,false,null,null
2020,tsoj,10,index.html,readme2index,null,html,html,true,browser,click here first
2020,tsoj,300,2020_tsoj.tar.bz2,mkwinnertbz2,null,tbz2,bz2,true,download,download winning source
2020,yang,null,.winner.json,jwinner,null,json,json,false,null,null
2020,yang,10,index.html,readme2index,null,html,html,true,browser,click here first
2020,yang,300,2020_yang.tar.bz2,mkwinnertbz2,null,tbz2,bz2,true,download,download winning source
